identifier	name
34	A-LINK-A 
52	alumix.ru 
30	INNTECHSYS 
28	oboi-art 
18	SEO продвижение 
120	SEO сайта Иннтехсис.ру 
84	Административные вопросы 
38	АЛФАС 
98	АЛЮМИКС 
58	БКЛ ГРУПП 
62	БОРИС 
50	БРОННИЦЫ 1С_УНИВЕРСИТЕТ 
48	Бронницы ГУОР 
108	ВЕТА ЭСТЕЙТ 
14	Внедрение Битрикс24 
116	ГАРАНТСТРОЙ 
110	ГТО 
134	ДЕТИ+ 
124	ДОКМА 
80	ДОМТЕКС 
42	ИННТЕХСИС 
122	Кварц УЗ 
12	Контент 
72	КУПРУМ 
104	КХАМБ 
92	МИРАЙ 
112	МИСАО 
132	МП ТРЕЙД 
94	МФЦ Люберецкий 
8	Настройка и внедрение 1С:ITIL 
100	Новикова ИП 
16	Облачные сервера 
20	Перенос данных БП/УТ в ERP 
70	ПИНТА 
10	Разработка сайта 
78	Реклама онлайн 
64	РЕМКРЕП 
76	РУСКОНБЕЛЬТ 
66	СВАНЛЮКС 
1	Сделки 
106	СКВ 
130	ТЕМАЛАЙТИНГ 
74	ТЕХНО ГРУПП 
60	ТК РУСЛАН 
86	ТК РУСЛАН (ДОКУМЕНТООБОРОТ КОРП) 
90	ТК РУСЛАН Автобаза (БИТ.Строительство) 
96	ТК СОФИЙСКАЯ 
126	УЗТЯЖПРОМ 
114	УМА 
40	Формирование команды 
68	ЭЙ БИ ЭС 
56	Экстрагрупп 
128	ЭЛЬТЕРРА 
46	ЮМЭКС 
